carId,commonsFile,flip
honda-civic-si,File:25 Honda Civic Si.jpg,y
ford-f-150-raptor,"File:2021 Ford F-150 Raptor, front.jpg",y
lamborghini-aventador-svj,File:Lamborghini Aventador SVJ 13.jpg,y
plymouth-hemi-cuda,File:1970 Plymouth Hemi 'Cuda (31006971013).jpg,y
tesla-model-s-plaid,File:22 Tesla Model S Plaid.jpg,y
mazda-mx-5-miata,"File:Mazda MX-5 (ND), Bangladesh. (34324761505).jpg",y
toyota-gr86,"File:2022 Toyota GR86 Premium in Halo, Front Right, 09-27-2022.jpg",n
porsche-911-carrera-s,File:Porsche 992 Carrera S coupe IMG 5832.jpg,n
lotus-emira,File:Den Lotus Emira 2.0 i4 SE gibt's bei Lotus St. Gallen (2026).jpg,y
ferrari-f430,File:Ferrari ABA-F430 F430 (23112610123).jpg,n
ferrari-458-italia,File:2011 Ferrari 458 Italia 3.jpg,n
lamborghini-murcielago-lp640,File:Lamborghini Murcielago LP640 LC23.jpg,n
lamborghini-temerario,File:Lamborghini Temerario.jpg,n
mclaren-765lt,File:2020 McLaren 765LT 4.0.jpg,n
lexus-is-300,"File:2021 Lexus IS 300 AWD, front 3.26.21.jpg",y
mercedes-benz-c-300,File:Mercedes-Benz C 300 d AMG Line (W 206) – f 10032024.jpg,y
rolls-royce-wraith,"File:Rolls-Royce Wraith (II) Washington DC Metro Area, USA (1.2).jpg",y
lexus-lc-500,File:Lexus LC 500 URZ100 Nightfall Mica.jpg,y
bmw-m5-competition,"File:BMW M5 Competition (F90) Washington DC Metro Area, USA.jpg",y
mercedes-amg-gt-r,"File:Mercedes-AMG GT R Coupé (C190, 2021) (52229185921).jpg",y
aston-martin-dbs-superleggera,File:Aston Martin DBS Superleggera Filderstadt 1Y7A4897.jpg,n
ferrari-812-superfast,File:Ferrari 812 Superfast IMG 8829.jpg,y
ferrari-12cilindri,File:2025 Ferrari 12Cilindri 3.jpg,n
dodge-charger-sxt,"File:2019 Dodge Charger SXT in B5 Blue Pearl, Front Right, 05-21-2022.jpg",n
ford-mustang-289,"File:1967 Ford Mustang Hardtop in Dark Moss Green Poly, Front Left, 04-28-2023.jpg",y
chevrolet-camaro-ss-1le,File:19 Chevrolet Camaro SS.jpg,y
ford-mustang-gt,File:Ford Mustang Fastback 5.0 GT (54185175396).jpg,y
dodge-challenger-srt8,File:Dodge Challenger SRT8.JPG,n
chevrolet-corvette-z06-c6,File:2010 Chevrolet Corvette C6 Z06.jpg,n
dodge-viper,File:CIAS 2013 - 2013 Dodge Viper SRT GTS (8478784053).jpg,y
dodge-challenger-srt-demon-170,File:2018 Dodge Challenger SRT Demon.jpg,y
chevrolet-corvette-zr1-c8,File:2025 Chevrolet C8 Corvette ZR1.jpg,y
acura-integra-type-r,File:Acura Integra DC2 Type R Phoenix Yellow.jpg,n
nissan-altima,File:2019 Nissan Altima S.jpg,n
honda-s2000,File:Honda S2000 AP1 przód.JPG,y
mazda-rx-7,File:FD Mazda RX-7.jpg,n
nissan-gt-r,"File:Nissan GT-R (R35) Washington DC Metro Area, USA.jpg",y
nissan-gt-r-nismo,"File:Nissan GT-R Nismo (R35), 2022, front.jpg",y
acura-nsx,File:2017 Honda NSX Auto 2.jpg,y
toyota-prius,File:2023 Toyota Prius Z HEV.jpg,y
nissan-leaf,File:Nissan Leaf 2018 (31874639158) (cropped).jpg,y
tesla-model-3-performance,File:2024 Tesla Model 3 Performance front view 03.png,y
hyundai-ioniq-5-n,File:Hyundai Ioniq 5 N IMG 9406.jpg,y
porsche-taycan-turbo-s,File:Porsche Taycan Turbo S White (1).jpg,y
lucid-air-grand-touring,File:Lucid Air IAA 2023 1X7A0548.jpg,n
rimac-nevera,File:Rimac - Nevera 10.jpg,y
jeep-wrangler-rubicon,File:Jeep Wrangler Rubicon (JL) 4xe 1X7A0285.jpg,y
toyota-tacoma-trd,File:2020 Toyota Tacoma TRD Pro front NYIAS 2019.jpg,y
subaru-wrx-sti,File:Subaru WRX STI - Blue.jpg,n
ford-f-150-raptor-r,File:23 Ford F-150 Raptor R.jpg,y
ram-1500-trx,File:Ram 1500 TRX (13803).jpg,n
lamborghini-urus,File:Lamborghini Urus oblique view dllu 01.jpg,y
mazda-mx-5-miata-na,"File:1990-1991 Mazda MX-5 (NA) Limited Edition convertible 01.jpg",y
toyota-mr2-spyder,"File:2005 Toyota MR2 Spyder, front left, 06-19-2023.jpg",y
porsche-914,File:2007-06-17 VW-Porsche 914 (kl).JPG,y
porsche-boxster-s-987,"File:2008 Porsche 987 Boxster (15225082412).jpg",y
bmw-z4-m40i,"File:BMW G29 1X7A1570.jpg",n
porsche-718-cayman-gts,File:Porsche 718 Cayman GTS - 54636142147.jpg,y
porsche-911-turbo-s-992,"File:Porsche 911 Turbo S (992) Greater Toronto Area, Canada.jpg",y
lexus-es-250,"File:LEXUS ES 200 (XZ10) China (184).jpg",y
mercedes-benz-e-300,"File:Mercedes-Benz E300 (W213) Washington DC Metro Area, USA (3).jpg",y
bmw-330i,"File:BMW 3-Series (G20) 330i xDrive (2024) (54017667555).jpg",n
cadillac-ct5-v,File:25 Cadillac CT5-V Base.jpg,y
bentley-continental-gt-v8,"File:2019 Bentley Continental GT V8.jpg",n
mercedes-amg-c-63-s,"File:MERCEDES-AMG C 63 (W205) (3).jpg",n
bmw-m8-competition,"File:BMW M8 Competition (F92) Greater Toronto Area, Canada (1).jpg",y
ferrari-812-competizione,"File:2023 Ferrari 812 Competizione Aperta 2.jpg",y
ford-mustang-1965-six,File:1965 Ford Mustang Hardtop (14517078762).jpg,y
ford-mustang-v6-2005,"File:2005 Ford Mustang V6 Premium Convertible in Screaming Yellow, front left, 06-13-2026.jpg",y
dodge-challenger-sxt,"File:2021 Dodge Challenger SXT, front left, 08-25-2023.jpg",y
dodge-challenger-srt-hellcat,"File:2021 Dodge Challenger Hellcat.jpg",y
chevrolet-corvette-zr1-c7,"File:2019 Chevrolet Corvette C7 ZR1 2.jpg",y
mazda-mx-5-miata-nb,"File:2001 Mazda MX-5 Miata, front left, 05-24-2026.jpg",y
nissan-240sx-s14,"File:1996 Nissan 240SX S14.jpg",y
toyota-celica-gt-s,File:2003 Toyota Celica VVTi 1.8.jpg,n
mitsubishi-lancer-evolution-ix,"File:Mitsubishi Lancer Evolution IX (28469868127).jpg",n
acura-nsx-na1,"File:Honda E-NA1 NSX (22022010312).jpg",n
honda-civic-type-r-fl5,"File:HONDA CIVIC TYPE R FL5 China.jpg",y
toyota-gr-supra-3-0,"File:2023 Toyota GR Supra 3.0 in Cu Later, Front Left, 04-23-2023.jpg",y
acura-nsx-type-s,"File:Acura NSX Type S (2022) (53795306497) (cropped).jpg",n
lexus-lfa,"File:2011 Lexus LFA Front.jpg",n
volkswagen-id-4-pro,"File:2020 Volkswagen ID.4 Pro (Netherlands) front view.jpg",n
chevrolet-bolt-ev,"File:2019 Chevrolet Bolt EV - April 2019 (2736).jpg",y
ford-f-150-lightning,"File:2022 Ford F-150 Lightning.jpg",n
volvo-c40-recharge-twin,"File:VOLVO C40 RECHARGE China (2).jpg",n
rivian-r1t,"File:Rivian-r1t-2021.jpg",n
kia-ev6-gt,"File:KIA EV6 GT China.jpg",n
lotus-eletre-r,"File:2024 Lotus Eletre 2.jpg",y
tesla-model-x-plaid,File:Tesla Model X Plaid Shadow Grey 01.jpg,n
lucid-air-sapphire,"File:Lucid, Lucid Air Sapphire, GIMS 2024, Le Grand-Saconnex (GIMS0092-2).jpg",n
toyota-4runner-sr5,"File:23 Toyota 4Runner SR5.jpg",y
toyota-land-cruiser-2024,"File:2024 Toyota Land Cruiser Prado 2.4 Turbo in Avant Garde Bronze, front left.jpg",y
ford-ranger-raptor,"File:Ford Ranger P375 2.0 Bi-Turbo Raptor Blue Lightning.jpg",n
mercedes-amg-g-63,"File:MERCEDES-AMG G 63 (W463) China (3).jpg",n
bmw-x5-m,"File:BMW X5M (F95) Washington DC Metro Area, USA (1).jpg",y
dodge-durango-srt-hellcat,"File:26 Dodge Durango SRT Hellcat Jailbreak.jpg",y
jeep-grand-cherokee-trackhawk,"File:Geiger Jeep Trackhawk, TWB 2018, Friedrichshafen (OW1A0528).jpg",y
aston-martin-dbx707,"File:Aston Martin DBX707, Auto 2024, Zurich (PANA0773).jpg",n
ferrari-purosangue,File:Ferrari Purosangue DSC 7008.jpg,y
lamborghini-urus-se,File:Lamborghini Urus SE 001.jpg,n
delorean-dmc-12,"File:DeLorean DMC-12 Classic-Days 2022 DSC 0050.jpg",y
porsche-911-gt3-992,"File:Porsche 992 GT3 1X7A0323.jpg",n
ferrari-f40,File:1990 Ferrari F40 front.jpg,y
bugatti-chiron,File:Bugatti Chiron LC.jpg,y
cadillac-escalade,"File:2021 Cadillac Escalade ESV 4WD Premium Luxury in Satin Steel Metallic, front right.jpg",n
bmw-m3-competition,File:BMW M3 COMPETITION (G80) China.jpg,n
rolls-royce-phantom,"File:Rolls-Royce Phantom, Geneva International Motor Show 2018, Le Grand-Saconnex (1X7A1220).jpg",y
aston-martin-db5,"File:Aston Martin DB5 Vantage SCD 24.jpg",n
pontiac-firebird-trans-am-1977,"File:1977 Pontiac Firebird Trans Am, front right, 06-21-2023.jpg",n
dodge-charger-rt-1969,"File:1969 Dodge Charger R-T, front right (2022 Ellwood City Fall Fest & Car Cruise).jpg",n
chevrolet-corvette-stingray-c8,"File:2021 Chevrolet Corvette Stingray, front right, 08-30-2026.jpg",n
dodge-charger-srt-hellcat,"File:2015 Dodge Charger SRT Hellcat (21607570552).jpg",y
toyota-corolla-ae86,"File:Toyota Corolla GT-S (AE86, 1986) (54804789331).jpg",n
toyota-supra-turbo-a80,"File:Toyota Supra SZ (A80) front.jpg",y
nissan-skyline-gt-r-r34,"File:Nissan Skyline GT-R R34, 09-21-2025.jpg",n
nissan-350z,"File:Nissan 350Z (Z33) Washington DC Metro Area, USA.jpg",n
tesla-model-y,"File:Tesla Model Y 1X7A6211.jpg",n
tesla-cybertruck-cyberbeast,File:2024 Tesla Cybertruck Foundation Series IMG 0576.jpg,n
gmc-hummer-ev-pickup,"File:GMC Hummer EV Pickup Edition 1 Interstellar White.jpg",n
ford-mustang-mach-e-gt,"File:Ford Mustang Mach-E GT IAA 2021 1X7A0176.jpg",n
ford-bronco-wildtrak,"File:2022 Ford Bronco Wildtrak, front 3.11.23.jpg",n
land-rover-defender-110,"File:Land Rover Defender 110 (L663) 1X7A1919.jpg",y
ford-f-150-xlt,"File:Ford F-150 V8 XLT 2021.jpg",y
range-rover-p530,"File:Range Rover (L460) Washington DC Metro Area, USA (8).jpg",y
ford-mustang-mach-1,"File:Ford Mustang VI Mach I Auto Zuerich 2021 IMG 0117.jpg",n
ford-shelby-gt500-2020,"File:2021 Ford Mustang Shelby GT500 (S550) Front (Bahrain).jpg",y
